date,average_price,total_volume,_4046,_4225,_4770,total_bags,type,year,geography
2016-08-28,1.090000033,23545768,12561056,10420973,563738.5625,10448164,conventional,2016,Total U.S.
2016-08-28,1.49000001,457760.8125,135742.7656,316907.2813,5110.77002,490770.0625,organic,2016,Total U.S.
2016-09-04,1.039999962,26267660,14643466,11083513,540680.875,10863029,conventional,2016,Total U.S.
2016-09-04,1.539999962,486874.5938,137842.7969,344378.75,4653.040039,565214.1875,organic,2016,Total U.S.
2016-09-11,1.080000043,23855362,12962763,10380438,512160.2813,10271370,conventional,2016,Total U.S.
2016-09-11,1.519999981,483144.5938,144991.2031,334671.5313,3481.850098,620344.25,organic,2016,Total U.S.
2016-09-18,1.149999976,21305330,11337829,9481313,486187.375,10040762,conventional,2016,Total U.S.
2016-09-18,1.669999957,398260.4375,127014.6719,266648.5,4597.27002,473367.125,organic,2016,Total U.S.
2016-09-25,1.220000029,20296580,10548061,9255914,492604.3125,10008534,conventional,2016,Total U.S.
2016-09-25,1.690000057,396955.0625,119993.5781,272553.75,4407.75,411936.875,organic,2016,Total U.S.
2021-12-26,1.580000043,150985.1875,66962.42188,83661.07031,361.7000122,1160951.125,organic,2021,Total U.S.
2021-11-28,1.620000005,150496.1563,65280.17188,85003.1875,212.7899933,940298.4375,organic,2021,Total U.S.
2021-12-19,1.570000052,166588.5,75079.39844,90894.35938,614.75,1151748.625,organic,2021,Total U.S.
2021-11-21,1.610000014,171908.5,78069.15625,93460.50781,378.8299866,1090665.5,organic,2021,Total U.S.
2021-11-14,1.590000033,175366.2344,75786.78906,99321.77344,257.6799927,1176736,organic,2021,Total U.S.
2021-10-24,1.629999995,195258.6719,91416.78125,103582.0703,259.8200073,1103356.375,organic,2021,Total U.S.
2021-10-10,1.629999995,201102.1563,96627.24219,104361.4922,113.4199982,1123056.875,organic,2021,Total U.S.
2021-07-18,1.74000001,172481.5156,67727.57813,104569.8828,184.0599976,1015849.5,organic,2021,Total U.S.
2021-06-06,1.690000057,174887.875,67043.78125,107559.6406,284.4500122,1236393,organic,2021,Total U.S.
2021-10-03,1.659999967,188864.7344,80574.42969,108183.2813,107.0299988,1029193.438,organic,2021,Total U.S.
2021-06-13,1.669999957,181622.7344,72302.63281,109068.7969,251.3200073,1229671.625,organic,2021,Total U.S.
2021-08-08,1.779999971,197217.625,87536.42969,109516.2188,164.9600067,998375.6875,organic,2021,Total U.S.
2021-09-26,1.700000048,202125.0625,91942.4375,110019.7578,162.8600006,970329.5,organic,2021,Total U.S.
2021-08-15,1.75,194541.3594,84202.5,110189.5,149.3600006,1021234.375,organic,2021,Total U.S.
2021-10-31,1.570000052,199007.1094,88383.57031,110513.8594,109.6800003,1144378.625,organic,2021,Total U.S.
2021-11-07,1.629999995,203995.6563,92602.74219,111229.8125,163.0899963,1106191.625,organic,2021,Total U.S.
2021-09-05,1.710000038,201354.7344,89474.5,111764.2266,116,1105259.5,organic,2021,Total U.S.
2021-10-17,1.659999967,188047.5625,75657.5625,112247.4375,142.5700073,1051494,organic,2021,Total U.S.
2021-04-18,1.639999986,209099.1406,94966.82813,112604.7813,1527.540039,1347256.25,organic,2021,Total U.S.
2021-05-30,1.659999967,186779.4375,73916.6875,112605.5078,257.2399902,1245514.25,organic,2021,Total U.S.
2021-08-22,1.74000001,193954.9219,80381.15625,113398.2969,175.4600067,1079497.25,organic,2021,Total U.S.
2021-05-23,1.590000033,189515.7031,74606.38281,114646.1563,263.1700134,1345779.5,organic,2021,Total U.S.
2021-04-04,1.620000005,200047.1875,81070.35156,115875.9766,3100.860107,1288160.25,organic,2021,Total U.S.
2021-08-29,1.730000019,206145.2344,90078.64844,115939.9063,126.6800003,1083710.875,organic,2021,Total U.S.
2021-04-11,1.639999986,214985.7656,94921.27344,116084.6797,3979.810059,1263093.5,organic,2021,Total U.S.
2021-09-12,1.720000029,202600.4063,85525.99219,116905.75,168.6799927,1078869.5,organic,2021,Total U.S.
2021-04-25,1.679999948,244517.5,126616.1563,117122.0938,779.25,1294746.75,organic,2021,Total U.S.
2021-09-19,1.769999981,220853.4375,99603.53125,120916.4609,333.4400024,1005562.375,organic,2021,Total U.S.
2021-03-28,1.539999962,209398.0938,81010.29688,123806.4531,4581.350098,1245162.625,organic,2021,Total U.S.
2021-05-02,1.570000052,258726.375,133069.125,125336.2031,321.0499878,1267358.5,organic,2021,Total U.S.
2021-05-16,1.659999967,227561.5156,94334.39844,132882.0781,345.0400085,1182981.75,organic,2021,Total U.S.
2021-03-14,1.5,217517.9688,78253.14063,135592.2344,3672.590088,1199054,organic,2021,Total U.S.
2021-03-21,1.50999999,233136.1563,93939.70313,135833.625,3362.820068,1189865.375,organic,2021,Total U.S.
2021-01-31,1.460000038,221724.9375,81600.27344,136880.2031,3244.449951,1184072.625,organic,2021,Total U.S.
2021-05-09,1.600000024,245205.2031,107740.8906,137051.6406,412.6700134,1273244.75,organic,2021,Total U.S.
2021-01-17,1.50999999,256315,103703.9609,137256.7969,15354.24023,1118517.875,organic,2021,Total U.S.
2021-01-24,1.460000038,240241.25,94730.53125,141181.6094,4329.109863,1160300.25,organic,2021,Total U.S.
2021-01-10,1.450000048,307217.4375,90362.52344,142393.625,74461.29688,1189394.25,organic,2021,Total U.S.
2021-12-12,1.539999962,222312.0938,78900.49219,143254.9844,156.6199951,1200946,organic,2021,Total U.S.
2021-02-21,1.440000057,297694.9688,91390.92188,151496.4844,54807.57813,1120232.5,organic,2021,Total U.S.
2021-08-01,1.779999971,225691.375,70499.96875,154787.125,404.2799988,956718,organic,2021,Total U.S.
2021-02-07,1.389999986,241238.7188,81040.64063,156159.2656,4038.820068,1200572.5,organic,2021,Total U.S.
2021-02-14,1.440000057,247820.5938,84641.20313,158207.8125,4971.580078,1113605.75,organic,2021,Total U.S.
2021-01-04,1.419999957,247040.625,84135.34375,159981.375,2923.939941,972149.8125,organic,2021,Total U.S.
2021-12-05,1.570000052,264962.1875,84069.15625,180779.2344,113.8000031,1103508,organic,2021,Total U.S.
2021-03-07,1.429999948,323036.7188,83600.38281,235052.9844,4383.350098,1262537.375,organic,2021,Total U.S.
2021-07-25,1.710000038,316205.875,71097.79688,244372.5781,735.4699707,973445.375,organic,2021,Total U.S.
2021-02-28,1.429999948,429660.7813,82554.39844,333825.6875,13280.69043,1179766.625,organic,2021,Total U.S.
2021-11-28,1.200000048,12538491,8409874,3820985.5,307631.75,8009946.5,conventional,2021,Total U.S.
2021-12-26,1.200000048,13546105,9098556,4138087.25,309461.4063,9175924,conventional,2021,Total U.S.
2021-11-21,1.190000057,13717753,9131475,4275796.5,310482.0625,9035572,conventional,2021,Total U.S.
2021-12-19,1.200000048,13759114,9157380,4316807,284926.375,9091047,conventional,2021,Total U.S.
2021-10-17,1.179999948,14870226,9965845,4532508,371873.3125,10231563,conventional,2021,Total U.S.
2021-12-12,1.149999976,14559673,9682697,4555483.5,321492.3438,9548829,conventional,2021,Total U.S.
2021-10-24,1.159999967,15097332,10135904,4556780.5,404647.25,9224800,conventional,2021,Total U.S.
2021-10-31,1.139999986,14874501,9963902,4559559,351039.9375,9788638,conventional,2021,Total U.S.
2021-12-05,1.100000024,15636636,10490292,4801701,344643.6875,8873777,conventional,2021,Total U.S.
2021-11-14,1.159999967,14412037,9247959,4837843,326235.75,10289709,conventional,2021,Total U.S.
2021-10-03,1.179999948,15637591,10381727,4851001.5,404862.8438,9248538,conventional,2021,Total U.S.
2021-10-10,1.210000038,15546770,10146468,4968169.5,432131.5313,9876233,conventional,2021,Total U.S.
2021-11-07,1.129999995,14841206,9375438,5102091,363677.8438,10004971,conventional,2021,Total U.S.
2021-09-26,1.169999957,16141416,10309032,5458645.5,373738.1563,9875295,conventional,2021,Total U.S.
2021-09-19,1.169999957,16174233,10045335,5629906.5,498991.625,10023874,conventional,2021,Total U.S.
2021-09-12,1.149999976,16465896,9743073,6142831,579992.5625,10038359,conventional,2021,Total U.S.
2021-09-05,1.080000043,17211536,10205925,6533650,471960.625,11700434,conventional,2021,Total U.S.
2021-04-11,1.159999967,18440090,11305865,6749597,384629.2188,10701492,conventional,2021,Total U.S.
2021-04-25,1.169999957,18658060,11504718,6776506.5,376834.7188,11225173,conventional,2021,Total U.S.
2021-08-22,1.100000024,16574800,9333883,6801658.5,439257.5625,11255575,conventional,2021,Total U.S.
2021-04-18,1.190000057,19260946,11856522,7007016,397408.1563,11199712,conventional,2021,Total U.S.
2021-05-16,1.149999976,18352380,10806593,7064001,481785.5938,10385495,conventional,2021,Total U.S.
2021-08-29,1.090000033,17234094,9595057,7095884.5,543151.75,10438946,conventional,2021,Total U.S.
2021-06-13,1.139999986,18869174,11335780,7112215,421178.7813,11133955,conventional,2021,Total U.S.
2021-07-25,1.070000052,18026768,10081026,7171439,774303.625,10727282,conventional,2021,Total U.S.
2021-06-06,1.149999976,18948582,11386864,7172742,388976.2813,10861249,conventional,2021,Total U.S.
2021-06-27,1.139999986,18950256,11328715,7179174,442366.8438,9880721,conventional,2021,Total U.S.
2021-04-04,1.169999957,18768612,11011181,7223163,534268.1875,11485366,conventional,2021,Total U.S.
2021-08-01,1.110000014,16812916,9047827,7242651,522438.625,10500168,conventional,2021,Total U.S.
2021-05-23,1.129999995,18379268,10695986,7292984,390297.8438,10862258,conventional,2021,Total U.S.
2021-07-18,1.039999962,18445284,10342606,7308794.5,793882.6875,12105779,conventional,2021,Total U.S.
2021-08-08,1.100000024,17729952,9826355,7350080.5,553516.6875,9836934,conventional,2021,Total U.S.
2021-07-11,1.070000052,19121144,11226486,7399309,495348.5938,10813166,conventional,2021,Total U.S.
2021-05-30,1.190000057,19001518,11098233,7411199,492086.3125,10934965,conventional,2021,Total U.S.
2021-08-15,1.100000024,17568696,9452999,7462214.5,653482.625,10493649,conventional,2021,Total U.S.
2021-03-28,1.090000033,18565974,10614815,7470401,480758.1875,11388155,conventional,2021,Total U.S.
2021-02-21,0.970000029,19088820,11164466,7523442,400912.8438,10282433,conventional,2021,Total U.S.
2021-03-14,1,19781848,11575866,7714614,491368.2188,11795886,conventional,2021,Total U.S.
2021-01-10,0.930000007,20493546,11949418,7940367.5,603760.9375,11738953,conventional,2021,Total U.S.
2021-05-09,1.129999995,20673202,12259276,7959115.5,454810,10820390,conventional,2021,Total U.S.
2021-07-04,1.129999995,20069184,11514749,7961384.5,593050.375,10837242,conventional,2021,Total U.S.
2021-06-20,1.159999967,19294120,10787503,7969421,537196.625,10532019,conventional,2021,Total U.S.
2021-01-31,0.949999988,20589458,12041263,8090331,457863.1563,11595942,conventional,2021,Total U.S.
2021-05-02,1.080000043,21452306,12830101,8101757.5,520446.4063,11148978,conventional,2021,Total U.S.
2021-03-07,0.980000019,20036086,11261315,8200831.5,573939.75,12206632,conventional,2021,Total U.S.
2021-02-28,0.930000007,20281816,11262423,8257862,761531.3125,11038553,conventional,2021,Total U.S.
2021-03-21,1.00999999,19743740,10805832,8310816,627092.875,10966878,conventional,2021,Total U.S.
2021-02-14,0.920000017,21014626,11962641,8356793.5,695190.125,11361928,conventional,2021,Total U.S.
2021-01-17,0.949999988,21302848,11957105,8410748,934994.6875,11653823,conventional,2021,Total U.S.
2021-01-24,0.930000007,21711474,11765943,9108384,837146.3125,11102726,conventional,2021,Total U.S.
2021-01-04,0.850000024,22604408,12241081,9415961,947364.9375,10088298,conventional,2021,Total U.S.
2021-02-07,0.850000024,26044832,14455952,10555610,1033270.563,12999193,conventional,2021,Total U.S.
2022-01-23,1.279999971,16418829,10791339,5120980.5,506509.2813,9976787,conventional,2022,Total U.S.
2022-01-16,1.25999999,17194500,11688315,5112327.5,393857.8438,10799932,conventional,2022,Total U.S.
2022-01-09,1.179999948,17119126,11077150,5607291,434685.8125,10185071,conventional,2022,Total U.S.
2022-01-03,1.059999943,18329140,11396848,6244354.5,687937.0625,9921616,conventional,2022,Total U.S.
2022-01-23,1.549999952,232822.2188,129479.6484,103121.2266,221.3399963,1386022.25,organic,2022,Total U.S.
2022-01-16,1.570000052,207749.1875,103329.8672,104259.3203,159.9900055,1402771.875,organic,2022,Total U.S.
2022-01-09,1.529999971,208038.7344,98565.57031,109056.7031,416.4599915,1422562,organic,2022,Total U.S.
2022-01-03,1.570000052,193860.2031,91929.85156,101722.1563,208.1900024,1157024.625,organic,2022,Total U.S.
2022-02-20,1.269999981,17652040,12621520,4625471,405050,10208384,conventional,2022,Total U.S.
2022-02-13,1.200000048,23147924,16101356,6333174.5,713393.0625,11936544,conventional,2022,Total U.S.
2022-02-06,1.289999962,16306512,11111961,4830715,363835.5,10674945,conventional,2022,Total U.S.
2022-01-30,1.25999999,18041572,11981118,5610790,449663.8438,10158670,conventional,2022,Total U.S.
2022-02-20,1.649999976,169807.6406,78554.72656,90923.09375,329.8200073,1310654.875,organic,2022,Total U.S.
2022-02-13,1.610000014,181755.2031,79653.71875,101855.3984,246.0800018,1391794.5,organic,2022,Total U.S.
2022-02-06,1.629999995,192709.0469,85530.67188,106848.9609,329.4100037,1366382,organic,2022,Total U.S.
2022-01-30,1.570000052,209328.2813,105230.2109,103896.3438,201.7299957,1441027.125,organic,2022,Total U.S.
2022-03-20,1.379999995,15180764,10740669,4107217.5,332876.9375,9555697,conventional,2022,Total U.S.
2022-03-13,1.389999986,15237297,10573570,4350744.5,312982.3438,9498296,conventional,2022,Total U.S.
2022-03-06,1.389999986,14783548,10073051,4415784,294712.0938,9705505,conventional,2022,Total U.S.
2022-02-27,1.350000024,16489600,11132732,4978426.5,378441.8438,9797241,conventional,2022,Total U.S.
2022-03-20,1.710000038,164122.5313,71963.38281,91871.79688,287.3500061,1335183.875,organic,2022,Total U.S.
2022-03-13,1.710000038,160901.7344,69810.61719,90794.17188,296.9500122,1351471,organic,2022,Total U.S.
2022-03-06,1.679999948,163569.5469,67119.28906,96259.65625,190.5899963,1194764.25,organic,2022,Total U.S.
2022-02-27,1.620000005,164936,71119.00781,93599.85938,217.1300049,1341780.375,organic,2022,Total U.S.
2022-04-17,1.460000038,14234923,10006323,3992701,235898.7031,10737505,conventional,2022,Total U.S.
2022-04-10,1.370000005,15298928,10917582,4116272.25,265073.375,11102565,conventional,2022,Total U.S.
2022-04-03,1.389999986,15494187,10709881,4529176.5,255128.9531,9892408,conventional,2022,Total U.S.
2022-03-27,1.419999957,16034223,11239153,4480618,314451.875,9815562,conventional,2022,Total U.S.
2022-04-17,1.769999981,192613.5938,98894.63281,93306.07031,412.8900146,1366905.125,organic,2022,Total U.S.
2022-04-10,1.730000019,192197.5156,84439.07031,107442.5078,315.9400024,1417980.875,organic,2022,Total U.S.
2022-04-03,1.700000048,181378.2031,73724.5,107346.9297,306.769989,1495281.875,organic,2022,Total U.S.
2022-03-27,1.710000038,163788.7344,73187.07813,90293.07031,308.5799866,1410866.125,organic,2022,Total U.S.
2022-05-15,1.529999971,14718093,10374431,3930661.75,413000.5313,8398727,conventional,2022,Total U.S.
2022-05-08,1.440000057,17194634,12184175,4543494,466965.9063,9978109,conventional,2022,Total U.S.
2022-05-01,1.379999995,17567534,11972528,5342335.5,252670.7969,11014672,conventional,2022,Total U.S.
2022-04-24,1.470000029,14375025,9957646,4221324,196054.7188,9488409,conventional,2022,Total U.S.
2022-05-15,1.830000043,186398.4063,97978.99219,88288.07031,131.3399963,1328154.375,organic,2022,Total U.S.
2022-05-08,1.789999962,168625.2969,79347.11719,89210.1875,67.98000336,1328739.875,organic,2022,Total U.S.
2022-05-01,1.830000043,184818.0156,77669.07813,107024.7969,124.1399994,1083373.75,organic,2022,Total U.S.
2022-04-24,1.779999971,175322.5156,85842.42188,89151.34375,328.75,1228804.625,organic,2022,Total U.S.
2022-06-12,1.49000001,15376827,10765239,4430409.5,181178.5156,8667298,conventional,2022,Total U.S.
2022-06-05,1.50999999,16613119,11152965,5306786,153368.0469,8481624,conventional,2022,Total U.S.
2022-05-29,1.570000052,15482421,10893844,4418320,170256.4531,8304674.5,conventional,2022,Total U.S.
2022-05-22,1.570000052,14699309,10358499,4115844.75,224964.875,8702451,conventional,2022,Total U.S.
2022-06-12,1.860000014,1331403.75,268523.9688,393.75,1062486,1689369.875,organic,2022,Total U.S.
2022-06-05,1.870000005,1470807.875,262256.4688,285.4599915,1208265.875,1749271.25,organic,2022,Total U.S.
2022-05-29,1.870000005,1517051.25,266996.125,308.3999939,1249746.625,1787293.5,organic,2022,Total U.S.
2022-05-22,1.870000005,1505091.875,262964.9688,350.7900085,1241776,1720640.125,organic,2022,Total U.S.
2022-07-10,1.450000048,15166474,9659306,5082242.5,424924.7813,8954416,conventional,2022,Total U.S.
2022-07-03,1.49000001,15459867,9777696,5293619.5,388551.3438,8542986,conventional,2022,Total U.S.
2022-06-26,1.50999999,15009305,9965782,4746286,297236.25,8129090.5,conventional,2022,Total U.S.
2022-06-19,1.49000001,15980338,10330303,5391553.5,258480.9688,8830555,conventional,2022,Total U.S.
2022-07-10,1.940000057,169066.9375,72808.00781,96125.10156,133.8300018,945825.5625,organic,2022,Total U.S.
2022-07-03,1.899999976,197739.25,82404.32813,115199.7578,135.1600037,1011719.875,organic,2022,Total U.S.
2022-06-26,1.919999957,180030.9688,78001.64844,101924.4609,104.8600006,1054780.5,organic,2022,Total U.S.
2022-06-19,1.909999967,162718.1875,71283.32031,91328.64063,106.2300034,1178614.5,organic,2022,Total U.S.
2022-08-07,1.299999952,15377878,9703747,5214147.5,459984.4063,10439258,conventional,2022,Total U.S.
2022-07-31,1.340000033,15606957,9315680,5860115,431162.3438,9600374,conventional,2022,Total U.S.
2022-07-24,1.379999995,15420720,9879362,5026590,514767.125,9245398,conventional,2022,Total U.S.
2022-07-17,1.389999986,16513349,9947343,6069836,496170.5938,9256713,conventional,2022,Total U.S.
2022-08-07,1.909999967,168927.4219,82526.71094,86195.96875,204.7400055,930823.125,organic,2022,Total U.S.
2022-07-31,1.909999967,152397.9844,68490.27344,83661.97656,245.7400055,945757,organic,2022,Total U.S.
2022-07-24,1.950000048,155415.4531,67812.13281,87370.70313,232.6199951,1010104.25,organic,2022,Total U.S.
2022-07-17,2,158212.9063,74524.79688,83532.57031,155.5299988,930079.6875,organic,2022,Total U.S.
2022-09-04,1.190000057,16924538,10220743,5806287,897507.375,9539876,conventional,2022,Total U.S.
2022-08-28,1.230000019,15405393,9746720,5146615,512058.1563,9295650,conventional,2022,Total U.S.
2022-08-21,1.25,15863294,9600739,5640096,622458.5,9209156,conventional,2022,Total U.S.
2022-08-14,1.25999999,16000913,10075338,5386617.5,538956.9375,10044250,conventional,2022,Total U.S.
2022-09-04,1.75,237706.7031,149571.2344,88013.64063,121.8199997,911739.4375,organic,2022,Total U.S.
2022-08-28,1.74000001,212591,127170.0938,85271.97656,148.9299927,979321.75,organic,2022,Total U.S.
2022-08-21,1.830000043,166774.9531,86186.82813,80442.89844,145.2299957,994827.25,organic,2022,Total U.S.
2022-08-14,1.799999952,216658.3125,129527.6797,86921.59375,209.0399933,1011691.75,organic,2022,Total U.S.
2022-10-02,1.139999986,14682523,9061771,5105685.5,515066.375,8772892,conventional,2022,Total U.S.
2022-09-25,1.139999986,15556182,9596243,5448848,511091.5313,8863039,conventional,2022,Total U.S.
2022-09-18,1.169999957,15262064,9961240,4829680,471144.3438,9097390,conventional,2022,Total U.S.
2022-09-11,1.179999948,16108829,9833257,5520280,755292.3125,9842360,conventional,2022,Total U.S.
2022-10-02,1.629999995,196921.2969,104562.4609,92204.63281,154.1999969,971326.6875,organic,2022,Total U.S.
2022-09-25,1.700000048,191537.0625,98322.50781,93073.6875,140.8699951,954991.0625,organic,2022,Total U.S.
2022-09-18,1.75999999,210553.3438,86449.97656,123954.7578,148.6100006,986711.8125,organic,2022,Total U.S.
2022-09-11,1.769999981,275073.0625,94473.42188,180337.2031,262.4400024,960089.5625,organic,2022,Total U.S.
2022-11-06,1.059999943,15798619,9823667,5532238,442713.375,10283440,conventional,2022,Total U.S.
2022-10-30,1.080000043,15544385,9637222,5439610.5,467552.75,9255703,conventional,2022,Total U.S.
2022-10-23,1.110000014,15413215,9424207,5490700,498307.875,9084139,conventional,2022,Total U.S.
2022-10-16,1.110000014,14683998,9588472,4733127,362398.7813,9539789,conventional,2022,Total U.S.
2022-10-09,1.139999986,15929592,9770369,5632739.5,526483.75,8655926,conventional,2022,Total U.S.
2022-11-06,1.519999981,195999.8438,113298.2578,82602.17969,99.40000153,1020648.625,organic,2022,Total U.S.
2022-10-30,1.539999962,183833.4219,102912.7109,80861.27344,59.43999863,994980.6875,organic,2022,Total U.S.
2022-10-23,1.559999943,194501.2188,109116.25,85330.78125,54.18999863,948393.125,organic,2022,Total U.S.
2022-10-16,1.620000005,213792.7031,114772.7969,98975.32031,44.59000015,916943.25,organic,2022,Total U.S.
2022-10-09,1.629999995,178221.8125,93562.29688,84130.3125,529.2000122,987087.1875,organic,2022,Total U.S.
2022-12-04,1.059999943,16039772,9636682,6073698.5,329392.3438,8905966,conventional,2022,Total U.S.
2022-11-27,1.100000024,12628477,7910051.5,4378258,340167.625,8300493.5,conventional,2022,Total U.S.
2022-11-20,1.090000033,13706863,8534772,4711177,460913.9375,9426588,conventional,2022,Total U.S.
2022-11-13,1.059999943,16003385,9687671,5985291,330422.75,9858790,conventional,2022,Total U.S.
2022-12-04,1.470000029,149072.4844,71186.15625,77796.63281,89.69000244,1037236.125,organic,2022,Total U.S.
2022-11-27,1.559999943,153910.375,91041.50781,62801.92969,66.94000244,832206.1875,organic,2022,Total U.S.
2022-11-20,1.529999971,174464.9063,101473.2578,72909.53906,82.11000061,933712.1875,organic,2022,Total U.S.
2022-11-13,1.5,193512.7031,107297.25,86118.32813,97.12999725,979012.625,organic,2022,Total U.S.
2022-12-18,1.019999981,15211589,9114369,5821337.5,275882.4375,9191713,conventional,2022,Total U.S.
2022-12-18,1.470000029,133908.9844,62396.57813,71420.10156,92.30999756,980707.25,organic,2022,Total U.S.
2022-12-25,1.059999943,14091181,8792832,4982460,315888.6563,9980885,conventional,2022,Total U.S.
2022-12-25,1.49000001,137051.4531,63777.42969,73217.74219,56.27999878,1001208.5,organic,2022,Total U.S.
2022-12-31,0.970000029,17403554,10220288,6495169,688097.6875,9136592,conventional,2022,Total U.S.
2022-12-31,1.50999999,157437.375,70673.8125,86699.32031,64.23999786,833677.8125,organic,2022,Total U.S.
2016-10-02,1.230000019,19148936,9534916,9123898,490123,10466072,conventional,2016,Total U.S.
2016-10-02,1.710000038,408664.9688,131467.2344,272293.4688,4904.25,382261.0625,organic,2016,Total U.S.
2016-10-09,1.269999981,19622798,9552502,9579339,490956.875,9234784,conventional,2016,Total U.S.
2016-10-09,1.519999981,398883.6563,127092.7813,266687.4688,5103.419922,479483.75,organic,2016,Total U.S.
2016-10-16,1.299999952,18113028,8810664,8855073,447291.4688,9594018,conventional,2016,Total U.S.
2016-10-16,1.5,362824.7813,114303.5625,243788.9531,4732.27002,453034.7188,organic,2016,Total U.S.
2016-10-23,1.340000033,16136535,7579629,8104522.5,452383.9688,8616979,conventional,2016,Total U.S.
2016-10-23,1.629999995,377324.3438,131203.125,241758.2031,4363.02002,322439,organic,2016,Total U.S.
2016-10-30,1.429999948,14405650,7100459,6852046.5,453145.25,6604080,conventional,2016,Total U.S.
2016-10-30,1.929999948,409320.0938,123815.7969,279842.5,5661.779785,238403.4688,organic,2016,Total U.S.
2016-11-06,1.440000057,15436539,7804253,7126936.5,505349.4375,7098159.5,conventional,2016,Total U.S.
2016-11-06,1.679999948,388386.4063,117317.8984,266018.875,5049.629883,509284.875,organic,2016,Total U.S.
2016-11-13,1.360000014,16472265,8235135.5,7759608,477520.9375,7602862,conventional,2016,Total U.S.
2016-11-13,1.700000048,370957.5938,110018.7891,257268.8281,3669.97998,492990.5625,organic,2016,Total U.S.
2016-11-20,1.269999981,16972240,8531161,8033511,407567.7813,8017463.5,conventional,2016,Total U.S.
2016-11-20,1.629999995,348103.3125,110737.5469,233518.7188,3847.050049,512217.2813,organic,2016,Total U.S.
2016-11-27,1.210000038,15573306,7891488,7337342,344475.9063,7349757,conventional,2016,Total U.S.
2016-11-27,1.639999986,302496.3125,100240.5391,198874.0938,3381.689941,459179.5625,organic,2016,Total U.S.
2016-12-04,1,21380344,11043351,9908983,428009.8438,10240878,conventional,2016,Total U.S.
2016-12-04,1.559999943,351446.6563,106472.5313,242055.8594,2918.280029,481320.875,organic,2016,Total U.S.
2016-12-11,0.980000019,19380264,9009996,9967220,403047.9375,10713277,conventional,2016,Total U.S.
2016-12-11,1.419999957,347448.125,93027.82031,248303.875,6116.439941,509347.5,organic,2016,Total U.S.
2016-12-18,0.959999979,20161106,9394066,10339168,427872.4063,9422776,conventional,2016,Total U.S.
2016-12-18,1.429999948,351186.125,97661.22656,248598.1406,4926.759766,445856.125,organic,2016,Total U.S.
2016-12-25,1,20080024,9255125,10282926,541972.4375,10207830,conventional,2016,Total U.S.
2016-12-25,1.340000033,347429.1875,93875.25,250138.6563,3415.27002,566606.25,organic,2016,Total U.S.
2017-01-01,0.889999986,27458940,12707895,14201201,549844.5625,11420777,conventional,2017,Total U.S.
2017-01-01,1.480000019,377576.125,99820.77344,273329.625,4425.75,431395.75,organic,2017,Total U.S.
2017-01-08,0.99000001,26205730,11809728,13856935,539068.375,11844072,conventional,2017,Total U.S.
2017-01-08,1.429999948,409951.9063,117721.8672,283532.6875,8697.349609,580769.9375,organic,2017,Total U.S.
2017-01-15,0.980000019,26141870,12936858,12625665,579346.5,12153618,conventional,2017,Total U.S.
2017-01-15,1.440000057,410170.7188,121132.7891,280287.8438,8750.080078,565553.5625,organic,2017,Total U.S.
2017-01-22,0.939999998,29375648,14254150,14212882,908616.4375,12764745,conventional,2017,Total U.S.
2017-01-22,1.370000005,404194.1563,115700.0234,281786.3438,6707.819824,590088.8125,organic,2017,Total U.S.
2017-01-29,0.959999979,26536268,14034076,11683465,818727,12837312,conventional,2017,Total U.S.
2017-01-29,1.429999948,427917.6875,131808.2969,292584.4375,3524.959961,525288.4375,organic,2017,Total U.S.
2017-02-05,0.769999981,44736160,22743616,20328162,1664383.125,16298296,conventional,2017,Total U.S.
2017-02-05,1.360000014,452350.4375,136100.3906,314011.25,2238.780029,563270.625,organic,2017,Total U.S.
2017-02-12,0.870000005,28098462,15051952,12184188,862322.125,12979009,conventional,2017,Total U.S.
2017-02-12,1.409999967,437886.9375,136636.3438,297764.4063,3486.199951,622889.0625,organic,2017,Total U.S.
2017-02-19,0.99000001,22505786,11321732,10351148,832906.125,11400068,conventional,2017,Total U.S.
2017-02-19,1.309999943,885987.8125,250591.2031,632101.5,3295.090088,748889.25,organic,2017,Total U.S.
2017-02-26,0.99000001,25468572,13173668,11398143,896761.75,11539225,conventional,2017,Total U.S.
2017-02-26,1.210000038,522722.125,150448.1719,368526.1875,3747.77002,913941,organic,2017,Total U.S.
2017-03-05,1.129999995,22938338,11335276,10807890,795173.1875,10745837,conventional,2017,Total U.S.
2017-03-05,1.159999967,560769.5625,184006.1563,374220.4688,2542.939941,1058628.625,organic,2017,Total U.S.
2017-03-12,1.220000029,21530818,11228357,9575227,727233.0625,10489756,conventional,2017,Total U.S.
2017-03-12,1.379999995,486166.7188,152896.4531,330081.75,3188.52002,851430.1875,organic,2017,Total U.S.
2017-03-19,1.25,21236620,10975690,9622712,638217.875,10358506,conventional,2017,Total U.S.
2017-03-19,1.5,586860.1875,172196.5625,411359.0313,3304.620117,697158.4375,organic,2017,Total U.S.
2017-03-26,1.24000001,22012976,11737560,9664311,611105.5625,10542143,conventional,2017,Total U.S.
2017-03-26,1.289999962,519920.8438,160491.6563,355541.125,3888.050049,1061206.5,organic,2017,Total U.S.
2017-04-02,1.210000038,22603814,12245521,9733585,624709.6875,11864202,conventional,2017,Total U.S.
2017-04-02,1.419999957,617711.5,183101.8594,430841.875,3767.76001,874455.9375,organic,2017,Total U.S.
2017-04-09,1.210000038,23560380,12091315,10821096,647969,11225332,conventional,2017,Total U.S.
2017-04-09,1.429999948,519927.6563,148803.125,362152.4375,8972.110352,867508.625,organic,2017,Total U.S.
2017-04-16,1.230000019,23030426,12311055,10069354,650017.25,12151894,conventional,2017,Total U.S.
2017-04-16,1.49000001,619728.1875,176684.1094,437947.6563,5096.430176,873603.0625,organic,2017,Total U.S.
2017-04-23,1.179999948,23074704,12236713,10224484,613507.375,12654309,conventional,2017,Total U.S.
2017-04-23,1.610000014,503407.1563,152604.4063,347557.125,3245.620117,687054,organic,2017,Total U.S.
2017-04-30,1.179999948,25275740,13316594,11291149,667996.8125,13039760,conventional,2017,Total U.S.
2017-04-30,1.679999948,625936.875,199039.6094,421709.7813,5187.459961,622238.4375,organic,2017,Total U.S.
2017-05-07,1.090000033,31489226,17076650,13549103,863471.875,15804696,conventional,2017,Total U.S.
2017-05-07,1.570000052,563172.25,172722.7656,386288.1875,4161.330078,830953.9375,organic,2017,Total U.S.
2017-05-14,1.190000057,23178068,12807836,9717258,652973.25,13456202,conventional,2017,Total U.S.
2017-05-14,1.549999952,509236.9688,164697.9219,339920.5938,4618.450195,865888.125,organic,2017,Total U.S.
2017-05-21,1.25999999,22955784,12120949,10213232,621603.5625,11441867,conventional,2017,Total U.S.
2017-05-21,1.710000038,522806.9063,166985.4063,351498.5,4322.990234,687753.6875,organic,2017,Total U.S.
2017-05-28,1.279999971,24448308,12841952,10932971,673384.75,12582586,conventional,2017,Total U.S.
2017-05-28,1.690000057,524010.7188,163384.375,357431.1875,3195.149902,778194.8125,organic,2017,Total U.S.
2017-06-04,1.24000001,24072966,13248335,10157565,667066.5,13279394,conventional,2017,Total U.S.
2017-06-04,1.639999986,555589.5,165665.9375,387057.9375,2865.590088,797371,organic,2017,Total U.S.
2017-06-11,1.210000038,24229818,13490546,10090861,648410.875,12810036,conventional,2017,Total U.S.
2017-06-11,1.559999943,504242.5,160841.9688,339777.0625,3623.459961,893205.6875,organic,2017,Total U.S.
2017-06-18,1.179999948,24981930,12975373,11199449,807107.1875,13265740,conventional,2017,Total U.S.
2017-06-18,1.710000038,614169.0625,169434.5781,442594.375,2140.129883,690385.25,organic,2017,Total U.S.
2017-06-25,1.169999957,24362960,12901032,10805962,655966,12942348,conventional,2017,Total U.S.
2017-06-25,1.769999981,467004.4688,123317.1016,341073.875,2613.51001,634005.4375,organic,2017,Total U.S.
2017-07-02,1.210000038,24471812,12623188,10988735,859889.8125,13538613,conventional,2017,Total U.S.
2017-07-02,1.74000001,492440.4063,128156.1016,360890.4688,3393.830078,680952.625,organic,2017,Total U.S.
2017-07-09,1.169999957,24863126,13009944,11031218,821964.4375,14504209,conventional,2017,Total U.S.
2017-07-09,1.710000038,445906.5938,109023.6563,333458.25,3424.689941,684468.125,organic,2017,Total U.S.
2017-07-16,1.330000043,23114414,11155466,11202845,756103.125,9340633,conventional,2017,Total U.S.
2017-07-16,1.779999971,414405.8125,94267.54688,311432.7813,4766.709961,733949.0625,organic,2017,Total U.S.
2017-07-23,1.309999943,23342878,11391056,11339580,612242.375,9265423,conventional,2017,Total U.S.
2017-07-23,1.75999999,434671.5938,113467.6563,317184.0313,3700.919922,779486.625,organic,2017,Total U.S.
2017-07-30,1.320000052,22796950,11112191,11088083,596676.125,8959147,conventional,2017,Total U.S.
2017-07-30,1.779999971,373295.4688,100332.2422,270534.5938,2135.73999,718295.3125,organic,2017,Total U.S.
2017-08-06,1.330000043,22946206,11292580,10988314,665312.5625,9583714,conventional,2017,Total U.S.
2017-08-06,1.830000043,350351.8438,112592.0391,236015.1563,1552.51001,709619.3125,organic,2017,Total U.S.
2017-08-13,1.330000043,22731978,10952704,11154310,624963.4375,10085277,conventional,2017,Total U.S.
2017-08-13,1.879999995,329711.0313,98007.24219,230106.1406,1414.209961,684998.0625,organic,2017,Total U.S.
2017-08-20,1.409999967,19926222,10507929,8837219,581074.375,9987522,conventional,2017,Total U.S.
2017-08-20,1.960000038,372803.3438,108658.6563,262747.8125,1154.189941,698734.875,organic,2017,Total U.S.
2017-08-27,1.470000029,19840358,10735710,8587106,517541.9375,8944923,conventional,2017,Total U.S.
2017-08-27,2.089999914,365903.8125,112812.3906,250861.8438,2119.139893,680088.1875,organic,2017,Total U.S.
2017-09-03,1.570000052,18882232,9775063,8565266,541902.875,7926179.5,conventional,2017,Total U.S.
2017-09-03,2.059999943,372909.625,113516,256920.0625,2256.959961,702628.9375,organic,2017,Total U.S.
2017-09-10,1.559999943,18357646,9496485,8373234,487926.5313,8027435.5,conventional,2017,Total U.S.
2017-09-10,2.029999971,365296.75,114942.2109,249231.1406,940.8900146,728658.9375,organic,2017,Total U.S.
2017-09-17,1.570000052,17898672,9153159,8328242,417270.6875,7496231.5,conventional,2017,Total U.S.
2017-09-17,2,385265.9375,140979.1719,243233.5625,891.5999756,689301.75,organic,2017,Total U.S.
2017-09-24,1.620000005,17333148,8652381,8295762,385004.7188,7304000.5,conventional,2017,Total U.S.
2017-09-24,1.940000057,355906.4688,116338.6094,237876.7656,1182.849976,769536.875,organic,2017,Total U.S.
2017-10-01,1.639999986,17081718,8342407.5,8354516.5,384794.1875,7528927,conventional,2017,Total U.S.
2017-10-01,1.950000048,332819.75,100319.3828,230053.2344,1966.939941,739701.625,organic,2017,Total U.S.
2017-10-08,1.649999976,16912486,8911144,7609510,391832.875,7484679,conventional,2017,Total U.S.
2017-10-08,1.899999976,333830.5,100744.5781,231652.6406,1224.98999,830310,organic,2017,Total U.S.
2017-10-15,1.580000043,17695882,8769358,8534404,392119.125,7335708,conventional,2017,Total U.S.
2017-10-15,1.850000024,324016.8438,103557.1797,218881.5469,1369.619995,848040.3125,organic,2017,Total U.S.
2017-10-22,1.440000057,18778378,9607587,8761193,409598.4688,7928593.5,conventional,2017,Total U.S.
2017-10-22,1.820000052,320487,89301.75,229689.25,1309.819946,860336.8125,organic,2017,Total U.S.
2017-10-29,1.289999962,20825228,10596903,9803570,424755.6563,9412683,conventional,2017,Total U.S.
2017-10-29,1.840000033,308980.3438,88668.95313,218858.3438,1150.030029,814723.25,organic,2017,Total U.S.
2017-11-05,1.190000057,21217366,11042128,9774988,400250.9688,10834227,conventional,2017,Total U.S.
2017-11-05,1.820000052,334557.7188,88073.15625,244925.1875,1059.630005,733972.375,organic,2017,Total U.S.
2017-11-12,1.149999976,21924128,11512837,9994648,416643,10412097,conventional,2017,Total U.S.
2017-11-12,1.809999943,312311.4375,93312.9375,217612.9063,1074.640015,732280,organic,2017,Total U.S.
2017-11-19,1.169999957,19436376,11173132,7847059,416186,9817108,conventional,2017,Total U.S.
2017-11-19,1.769999981,302656.1563,88110.88281,213230.3594,834.2999878,665230,organic,2017,Total U.S.
2017-11-26,1.24000001,16867192,9175316,7312239,379637,7819483,conventional,2017,Total U.S.
2017-11-26,1.720000029,283913.3125,77759.92969,204612.1563,978.289978,673887.4375,organic,2017,Total U.S.
2017-12-03,1.090000033,23236762,11746980,10905968,583801,10587491,conventional,2017,Total U.S.
2017-12-03,1.620000005,370203.1875,99317.88281,269450.8438,1108.199951,749121.8125,organic,2017,Total U.S.
2017-12-10,1.029999971,24002160,11943915,11659898,398348.5625,11632752,conventional,2017,Total U.S.
2017-12-10,1.539999962,353836.4375,94279.25781,258003.9844,1003.840027,863843.9375,organic,2017,Total U.S.
2017-12-17,1.070000052,21212922,10704214,9934618,574089.3125,9544845,conventional,2017,Total U.S.
2017-12-17,1.570000052,344935.0625,94905.85938,248498.7344,982.4500122,803682.125,organic,2017,Total U.S.
2017-12-24,1.179999948,19537940,10027319,8964247,546373.8125,9564409,conventional,2017,Total U.S.
2017-12-24,1.639999986,351712.5,103199.5469,247166.0781,1143.569946,828217.625,organic,2017,Total U.S.
2017-12-31,0.980000019,26951916,13109617,13197461,644837.5625,11315426,conventional,2017,Total U.S.
2017-12-31,1.519999981,370065.4375,120545.7578,248123.5625,1279.47998,873874.625,organic,2017,Total U.S.
2018-01-01,0.980000019,26951916,13109617,13197461,644837.5625,11315426,conventional,2018,Total U.S.
2018-01-01,1.519999981,370065.4375,120545.7578,248123.5625,1279.47998,873874.625,organic,2018,Total U.S.
2018-01-07,1.129999995,25190046,13730993,10781339,677714.875,11513110,conventional,2018,Total U.S.
2018-01-07,1.50999999,427471.4688,129541.4297,296490.2813,1289.069946,1089861.25,organic,2018,Total U.S.
2018-01-14,1.200000048,25119924,12600918,11866198,652808.375,12180021,conventional,2018,Total U.S.
2018-01-14,1.590000033,471057.3125,145680.625,323669.8438,1580.01001,1005593.75,organic,2018,Total U.S.
2018-01-21,1.080000043,29077362,14218844,13929702,928815.125,13862460,conventional,2018,Total U.S.
2018-01-21,1.629999995,369578.375,108705.2813,259172.125,1490.02002,914409.25,organic,2018,Total U.S.
2018-01-28,1.090000033,27247658,14551800,12119885,575974.75,12923982,conventional,2018,Total U.S.
2018-01-28,1.610000014,400119.5938,118616.1719,280080.3438,1270.609985,936859.5,organic,2018,Total U.S.
2018-02-04,0.870000005,43132512,21620180,20445502,1066830.25,19373134,conventional,2018,Total U.S.
2018-02-04,1.529999971,407598.5625,117922.5234,287724.625,1703.52002,977084.8125,organic,2018,Total U.S.
2018-02-11,0.970000029,28065380,15870678,11541845,652856.5625,15102427,conventional,2018,Total U.S.
2018-02-11,1.559999943,371362.4375,98465.25781,270798.2813,1839.800049,945638,organic,2018,Total U.S.
2018-02-18,1.080000043,24307640,13262751,10491918,552969.75,12402248,conventional,2018,Total U.S.
2018-02-18,1.519999981,928688,246515.3438,680037.4375,1905.459961,886241.9375,organic,2018,Total U.S.
2018-02-25,1.059999943,24969652,13829858,10415464,724330.1875,15051877,conventional,2018,Total U.S.
2018-02-25,1.570000052,465381.0625,122912.9688,340374.8438,1063.319946,994471.5,organic,2018,Total U.S.
2018-03-04,1.070000052,26300602,14439547,11289307,571747.75,14440612,conventional,2018,Total U.S.
2018-03-04,1.519999981,534559.0625,142345.0313,390129.5,1225.969971,1099871.625,organic,2018,Total U.S.
2018-03-11,1.090000033,25554710,14089091,10758039,707578.8125,14894894,conventional,2018,Total U.S.
2018-03-11,1.519999981,539613.375,129169.7188,408763.5,1401.869995,1124621.5,organic,2018,Total U.S.
2018-03-18,1.049999952,25413822,13707390,11061052,645380.875,15972492,conventional,2018,Total U.S.
2018-03-18,1.539999962,617152.75,170801.8438,444949.6875,1045.380005,1058651.5,organic,2018,Total U.S.
2018-03-25,1.029999971,27015312,14130799,12125711,758801.125,16394524,conventional,2018,Total U.S.
2018-03-25,1.549999952,466106.125,121007.9375,342853.0938,1070.23999,1093861.125,organic,2018,Total U.S.
2018-04-01,1.100000024,24944214,13467728,10744041,732443.875,16165475,conventional,2018,Total U.S.
2018-04-01,1.549999952,529739.25,142018.1563,385226.8125,1519.380005,1104466.75,organic,2018,Total U.S.
2018-04-08,1.039999962,27188470,13410252,13040703,737515.625,15775597,conventional,2018,Total U.S.
2018-04-08,1.549999952,466833.4375,133437.3438,331037.4063,1687.449951,1098382.25,organic,2018,Total U.S.
2018-04-15,1.029999971,30009412,15307339,13807126,894946.4375,17089266,conventional,2018,Total U.S.
2018-04-15,1.50999999,478986.0938,133729.75,343301.4063,1630,1205016.875,organic,2018,Total U.S.
2018-04-22,1.039999962,27954540,14522578,12709403,722558.875,16359440,conventional,2018,Total U.S.
2018-04-22,1.5,588148.4375,172008.1875,414972.25,1099.319946,1174509,organic,2018,Total U.S.
2018-04-29,1.070000052,28238176,14254037,13240109,744030.0625,15618583,conventional,2018,Total U.S.
2018-04-29,1.549999952,508021.125,153751.1719,352293.1875,1820.380005,1174781.75,organic,2018,Total U.S.
2018-05-06,0.889999986,42090772,21137400,19900872,1052499.125,21625372,conventional,2018,Total U.S.
2018-05-06,1.549999952,454289.375,140895.9063,311885.5938,1342.73999,1099216.375,organic,2018,Total U.S.
2018-05-13,1,28559588,15432480,12367252,759855.75,17811658,conventional,2018,Total U.S.
2018-05-13,1.529999971,517222.4375,155886.875,358982.7188,1957.660034,1111090.625,organic,2018,Total U.S.
2018-05-20,1.019999981,28219498,15391298,12092089,736111.9375,16239299,conventional,2018,Total U.S.
2018-05-20,1.50999999,491127.8125,136748.9531,339512.9375,2332.580078,1182749.625,organic,2018,Total U.S.
2018-05-27,1.029999971,29987322,15644844,13548819,793658.5,17117992,conventional,2018,Total U.S.
2018-05-27,1.419999957,735817.625,181149.4063,348179.7188,2397.780029,1373724,organic,2018,Total U.S.
2018-06-03,1.070000052,28681660,15241658,12611265,828738,16023378,conventional,2018,Total U.S.
2018-06-03,1.450000048,803531.5,209631.9531,394164.1875,2382.73999,1311045.375,organic,2018,Total U.S.
2018-06-10,1.029999971,30395550,15949807,13691956,753786.1875,15217823,conventional,2018,Total U.S.
2018-06-10,1.519999981,557202,148182.0156,286902.5313,2235.22998,1182638.5,organic,2018,Total U.S.
2018-06-17,1.090000033,28596346,14909831,12904473,782043.125,15412738,conventional,2018,Total U.S.
2018-06-17,1.409999967,850719.875,200044.0781,366668.2188,2194.76001,1159167.875,organic,2018,Total U.S.
2018-06-24,1.039999962,28471516,14643774,12717017,1110724,16271234,conventional,2018,Total U.S.
2018-06-24,1.5,562386.6875,163841.2969,289770.8125,2323.169922,1071575.5,organic,2018,Total U.S.
2018-07-01,1.049999952,28490616,14978440,12542938,969238.9375,17082122,conventional,2018,Total U.S.
2018-07-01,1.559999943,476837.625,151294.4063,317193.625,2514.199951,1100184.875,organic,2018,Total U.S.
2018-07-08,1.029999971,29977832,14624444,14184133,1169255.625,17870358,conventional,2018,Total U.S.
2018-07-08,1.570000052,497172.5,153518.5938,341813.375,1115.900024,1092704.875,organic,2018,Total U.S.
2018-07-15,1.070000052,26491286,13457480,12125208,908599.125,16635487,conventional,2018,Total U.S.
2018-07-15,1.580000043,506431.1875,155018.2656,349923,1277.099976,1062513.75,organic,2018,Total U.S.
2018-07-22,1.100000024,25932984,12371333,12486291,1075361.875,15973932,conventional,2018,Total U.S.
2018-07-22,1.570000052,410345.5313,107255.3203,300674.5313,2224.459961,1101682.25,organic,2018,Total U.S.
2018-07-29,1.120000005,25241446,11801093,12818315,622037.5625,15271337,conventional,2018,Total U.S.
2018-07-29,1.590000033,445833.2188,119851.1484,323668.0938,2166.070068,1004974.688,organic,2018,Total U.S.
2018-08-05,1.149999976,24714706,12286513,11712661,715531.9375,14712961,conventional,2018,Total U.S.
2018-08-05,1.549999952,423642.0313,118782.5,302662.9688,2121.030029,1113399.125,organic,2018,Total U.S.
2018-08-12,1.120000005,25587568,12048458,12657831,881278.75,15314383,conventional,2018,Total U.S.
2018-08-12,1.639999986,445728.1563,143014.4531,300616.0938,2028.02002,941458.75,organic,2018,Total U.S.
2018-08-19,1.129999995,24760290,12009246,11634725,1116318.5,15975443,conventional,2018,Total U.S.
2018-08-19,1.639999986,452571.3438,152939.8906,297706.1563,1745.310059,948992.75,organic,2018,Total U.S.
2018-08-26,1.220000029,23156614,11171123,11286480,699010.1875,13711361,conventional,2018,Total U.S.
2018-08-26,1.649999976,479658.0938,166581.3281,311652.3125,1248.170044,965140.1875,organic,2018,Total U.S.
2018-09-02,1.289999962,22575158,10916803,10880826,777528,13594004,conventional,2018,Total U.S.
2018-09-02,1.710000038,490402.0625,184937.5938,304181.8125,1242.459961,1066108.625,organic,2018,Total U.S.
2018-09-09,1.24000001,23785968,11028194,11898526,859246.5,13698287,conventional,2018,Total U.S.
2018-09-09,1.700000048,442020.4375,161144.7188,278782.125,1961.650024,1075193.25,organic,2018,Total U.S.
2018-09-16,1.220000029,22058716,11598587,9716277,743851.125,13551240,conventional,2018,Total U.S.
2018-09-16,1.700000048,419419.3438,149479.5156,268279.6875,1517.619995,1029631.688,organic,2018,Total U.S.
2018-09-23,1.190000057,21648228,10635595,10368078,644554.3125,13218054,conventional,2018,Total U.S.
2018-09-23,1.679999948,407487.5625,138270.9844,268164.0625,962.5700073,1032428,organic,2018,Total U.S.
2018-09-30,1.100000024,22381902,11693993,10028231,659678.6875,15206631,conventional,2018,Total U.S.
2018-09-30,1.669999957,382146.2813,127827.4766,253467.1719,772.710022,1137180.25,organic,2018,Total U.S.
2018-10-07,1.080000043,22947276,11931877,10220788,794611.3125,15114483,conventional,2018,Total U.S.
2018-10-07,1.629999995,392191.5938,121600.3203,269683,861.5999756,1169439.5,organic,2018,Total U.S.
2018-10-14,1.080000043,22290266,11397965,10293294,599007.5,14579294,conventional,2018,Total U.S.
2018-10-14,1.570000052,356509.8438,123311.8672,232505.1406,643.460022,1183773,organic,2018,Total U.S.
2018-10-21,1.129999995,20452326,10104601,9817026,530699,13550209,conventional,2018,Total U.S.
2018-10-21,1.519999981,344689.6563,113379.25,230647.4063,623.3300171,1154060.375,organic,2018,Total U.S.
2018-10-28,1.00999999,23536880,12142265,10845124,549490.8125,15865346,conventional,2018,Total U.S.
2018-10-28,1.5,367828.2188,120534.75,246729.25,511.8900146,1123404.125,organic,2018,Total U.S.
2018-11-04,1.00999999,23141086,12420772,10192035,528277.875,15222197,conventional,2018,Total U.S.
2018-11-04,1.5,391610.5625,133539.4531,257419.2656,539.3900146,1044632.75,organic,2018,Total U.S.
2018-11-11,1,24344038,13355864,10385141,603032.8125,14698246,conventional,2018,Total U.S.
2018-11-11,1.49000001,399205.4688,147086.4531,251477.5469,559.5200195,1135599.25,organic,2018,Total U.S.
2018-11-18,1.139999986,17488162,9719229,7271528.5,497404.3438,12382973,conventional,2018,Total U.S.
2018-11-18,1.539999962,537347.3125,212734.0781,323987.8438,625.4099731,1114929,organic,2018,Total U.S.
2018-11-25,1.25,13564651,7140335.5,6021450,402865.8125,8290842.5,conventional,2018,Total U.S.
2018-11-25,1.659999967,374222.6875,140817.1406,232897.5781,449.8299866,786164.9375,organic,2018,Total U.S.
2018-12-02,1.220000029,17501252,9516477,7462866,521910.0313,10151173,conventional,2018,Total U.S.
2018-12-02,1.580000043,349372.4063,118442.2891,230167.5625,748.8300171,893381.8125,organic,2018,Total U.S.
2019-01-07,1.019999981,27161008,14377053,11890233,893721.125,17588700,conventional,2019,Total U.S.
2019-01-07,1.470000029,435384.625,144293.5469,286237.6563,4849.649902,1270752.25,organic,2019,Total U.S.
2019-01-13,0.970000029,29685586,15500569,13443607,741410.1875,18402854,conventional,2019,Total U.S.
2019-01-13,1.480000019,399392.8438,143351.5469,251981.5469,4046.98999,1218814.125,organic,2019,Total U.S.
2019-01-20,0.99000001,28625380,13843021,13453612,1328746.5,18519884,conventional,2019,Total U.S.
2019-01-20,1.519999981,411110.6563,148018.0938,255799,7280.379883,1235928.125,organic,2019,Total U.S.
2019-01-27,1.029999971,26415348,14531450,11053096,830802,17159462,conventional,2019,Total U.S.
2019-01-27,1.460000038,530947.9375,216491.6875,310078.0313,4356.089844,1147575.875,organic,2019,Total U.S.
2019-02-03,0.839999974,38978528,19498920,17887806,1591800.25,23472988,conventional,2019,Total U.S.
2019-02-03,1.370000005,411040.2813,153985.9375,253361.9531,3674.580078,1175379.875,organic,2019,Total U.S.
2019-02-10,0.910000026,27904656,15056413,12025541,822702.25,18798328,conventional,2019,Total U.S.
2019-02-10,1.370000005,480583.0313,202717.7031,273431.1563,4411.75,1206037,organic,2019,Total U.S.
2019-02-17,0.959999979,26251722,13572742,11372877,1306103,16413253,conventional,2019,Total U.S.
2019-02-17,1.450000048,374633.3438,138610.375,232462.6563,3433.610107,1035769.25,organic,2019,Total U.S.
2019-02-24,0.980000019,26631388,13423017,12170264,1038105.25,17051178,conventional,2019,Total U.S.
2019-02-24,1.450000048,433570.0313,137640.8438,290983.75,4624.459961,1167471.5,organic,2019,Total U.S.
2019-03-03,1,26738754,14607959,11158681,972115.1875,17663670,conventional,2019,Total U.S.
2019-03-03,1.419999957,505821,167282.625,334637.9688,3767.620117,1293521.625,organic,2019,Total U.S.
2019-03-10,0.980000019,27392450,14299259,12096367,996823.6875,18799554,conventional,2019,Total U.S.
2019-03-10,1.409999967,396158.625,126515.7109,265707.125,3863.800049,1261110.125,organic,2019,Total U.S.
2019-03-17,0.939999998,28147248,15417243,11325570,1404434.5,20597428,conventional,2019,Total U.S.
2019-03-17,1.409999967,540811.625,189563.8906,347779.5,3366.120117,1131334.375,organic,2019,Total U.S.
2019-03-24,0.99000001,28335792,14147438,13174261,1014092.813,18733012,conventional,2019,Total U.S.
2019-03-24,1.379999995,472648.0938,154393.2656,291309.6563,26888.60938,1163044.125,organic,2019,Total U.S.
2019-03-31,0.99000001,26354038,13981629,11271303,1101105.75,19007284,conventional,2019,Total U.S.
2019-03-31,1.440000057,455399,157661.25,294573.5313,3063.72998,1074187,organic,2019,Total U.S.
2019-04-07,0.970000029,28709586,14218226,12998359,1493001,20597402,conventional,2019,Total U.S.
2019-04-07,1.470000029,469084.7188,183524.0156,281682.5,3497.419922,1078539.625,organic,2019,Total U.S.
2019-04-14,1.049999952,27045100,13116579,12746907,1181613.5,18911700,conventional,2019,Total U.S.
2019-04-14,1.409999967,727336.3125,310297.875,410932.5313,5813.060059,1128177.125,organic,2019,Total U.S.
2019-04-21,1.269999981,22217166,11457331,9683822,1076012.125,16792814,conventional,2019,Total U.S.
2019-04-21,1.700000048,480530.6563,157817.125,317961.4688,4693.069824,949314.8125,organic,2019,Total U.S.
2019-04-28,1.370000005,21500054,11547044,9044580,908429.4375,13723550,conventional,2019,Total U.S.
2019-04-28,1.879999995,402168.4063,139548.7188,256526.125,6059.109863,872724.5,organic,2019,Total U.S.
2019-05-05,1.220000029,30128188,15439382,13655551,1033255.438,19085498,conventional,2019,Total U.S.
2019-05-05,1.840000033,397323.3438,132697.25,259219.2188,5305.080078,921604.9375,organic,2019,Total U.S.
2019-05-12,1.24000001,25334174,13040338,11403252,890220.6875,17726802,conventional,2019,Total U.S.
2019-05-12,1.730000019,362846.375,118654.6797,238669.6875,5496.799805,1034822.375,organic,2019,Total U.S.
2019-05-19,1.289999962,22739632,11718600,10111449,909583.8125,15569630,conventional,2019,Total U.S.
2019-05-19,1.769999981,351663.3438,116660.4922,230157.5469,4769.72998,916565.75,organic,2019,Total U.S.
2019-05-26,1.309999943,23154284,11623030,10706873,824382.0625,17360586,conventional,2019,Total U.S.
2019-05-26,1.75999999,376197.6875,124635.4531,246675.9375,4532.339844,1091367.25,organic,2019,Total U.S.
2019-06-02,1.230000019,23428396,11420786,11004957,1002653.75,19683090,conventional,2019,Total U.S.
2019-06-02,1.590000033,388495.6563,135882.5469,248081.4063,4350.839844,1193874.125,organic,2019,Total U.S.
2019-06-09,1.220000029,23790422,11656650,11308619,825153.375,19321412,conventional,2019,Total U.S.
2019-06-09,1.629999995,355543.2813,117688.9375,232232.1719,5414.310059,1123905.375,organic,2019,Total U.S.
2019-06-16,1.320000052,21939902,10842298,10280897,816707.625,17281534,conventional,2019,Total U.S.
2019-06-16,1.75999999,357673.7188,122831.2969,226798.4844,7862.439941,1019281,organic,2019,Total U.S.
2019-06-23,1.340000033,21358096,10625893,9968046,764157.25,17270092,conventional,2019,Total U.S.
2019-06-23,1.850000024,349643.125,113819.9063,230984.7031,4703.629883,933299.75,organic,2019,Total U.S.
2019-06-30,1.370000005,21028422,9799557,10371744,857120.3125,17006980,conventional,2019,Total U.S.
2019-06-30,1.840000033,352924.625,107421.5,239833.1563,5669.950195,1130349.75,organic,2019,Total U.S.
2019-07-07,1.460000038,22435258,10153137,11262187,1019933.875,16447902,conventional,2019,Total U.S.
2019-07-07,1.950000048,367631.125,106701.2422,257572.4688,3346.659912,1025248.875,organic,2019,Total U.S.
2019-07-14,1.470000029,19607276,9173283,9679714,754279.3125,15338201,conventional,2019,Total U.S.
2019-07-14,1.99000001,321886.8125,106370.4922,209820.625,5606.100098,915082.375,organic,2019,Total U.S.
2019-07-21,1.5,18837600,8971164,9009256,857181.375,15016634,conventional,2019,Total U.S.
2019-07-21,2.039999962,310386.9688,112645.9063,193024.7031,4678.47998,874434.5625,organic,2019,Total U.S.
2019-07-28,1.470000029,19287654,9360276,8978734,948645.4375,15439788,conventional,2019,Total U.S.
2019-07-28,2.049999952,314825.625,120671.4531,188895.125,5160.319824,826971.3125,organic,2019,Total U.S.
2019-08-04,1.409999967,19674180,10031522,8853237,789420.875,16077701,conventional,2019,Total U.S.
2019-08-04,2.019999981,312956.0625,117643.3125,190284.1406,4949.660156,935181.25,organic,2019,Total U.S.
2019-08-11,1.340000033,19661462,9588931,9165179,907351.625,17745238,conventional,2019,Total U.S.
2019-08-11,1.970000029,307028.75,114875.75,186666.9531,5449.669922,958404.3125,organic,2019,Total U.S.
2019-08-18,1.320000052,20119476,10284042,9054932,780501.9375,17306204,conventional,2019,Total U.S.
2019-08-18,1.75,293768.4375,120019.7813,170612.1875,3136.47998,1185102.875,organic,2019,Total U.S.
2019-08-25,1.230000019,20989982,11369008,8786181,834792.3125,18350270,conventional,2019,Total U.S.
2019-08-25,1.779999971,288382.5938,123373.2031,160798.5469,4141.009766,1102033.25,organic,2019,Total U.S.
2019-09-01,1.230000019,21387834,10872366,9755444,760024.3125,18636526,conventional,2019,Total U.S.
2019-09-01,1.799999952,293984.2813,120525.1875,169115.6875,4324.040039,1021189.438,organic,2019,Total U.S.
2019-09-08,1.230000019,21046514,11313320,8923953,809241,17710660,conventional,2019,Total U.S.
2019-09-08,1.710000038,294373.2188,121054.2734,168553.8125,4729.72998,1156049.75,organic,2019,Total U.S.
2019-09-15,1.210000038,20220292,10684605,8996308,539377.5,18561778,conventional,2019,Total U.S.
2019-09-15,1.610000014,276611.2813,119769.2031,152716.9219,4099.339844,1255802.25,organic,2019,Total U.S.
2019-09-22,1.200000048,19654614,10297740,8794973,561900.625,17478036,conventional,2019,Total U.S.
2019-09-22,1.610000014,282697.375,124185.6328,154269.3906,4217.080078,1319399.625,organic,2019,Total U.S.
2019-09-29,1.149999976,20608434,10290944,9755175,562315,18456084,conventional,2019,Total U.S.
2019-09-29,1.629999995,253075.2344,114326.1328,135042.7813,3685.219971,1310529.5,organic,2019,Total U.S.
2019-10-06,1.120000005,19745810,9757039,9155131,833639.75,19733974,conventional,2019,Total U.S.
2019-10-06,1.549999952,266295.1563,105261.9297,157260.625,3701.620117,1292641.5,organic,2019,Total U.S.
2019-10-13,1.110000014,20508418,10329901,9467626,710891.625,18259750,conventional,2019,Total U.S.
2019-10-13,1.519999981,248606.625,87747.63281,157542.4531,3191.51001,1260595.375,organic,2019,Total U.S.
2019-10-20,1.070000052,19099044,9670776,8752202,675093.3125,19378276,conventional,2019,Total U.S.
2019-10-20,1.470000029,226076.0156,80886.54688,140954.7344,4176.529785,1227185.25,organic,2019,Total U.S.
2019-10-27,1.039999962,19718318,10769297,8331285,617736.875,19398114,conventional,2019,Total U.S.
2019-10-27,1.330000043,231076.7344,85560.70313,142065.5,3424.639893,1505098.875,organic,2019,Total U.S.
2019-11-03,1.039999962,18810862,10376833,7835071.5,598957.75,18518674,conventional,2019,Total U.S.
2019-11-03,1.379999995,233589.0938,94248.65625,135342.4531,3894.800049,1392969.25,organic,2019,Total U.S.
2019-11-10,1.00999999,19993316,10717154,8561348,714813,19068764,conventional,2019,Total U.S.
2019-11-10,1.570000052,223075,99982,119282,3709,1175290,organic,2019,Total U.S.
2019-11-17,1.019999981,19120408,10859987,7674135,586287,18763524,conventional,2019,Total U.S.
2019-11-17,1.529999971,301143,142289,155911,2867,1110210,organic,2019,Total U.S.
2019-11-24,1.059999943,17704504,9568975,7488155,647375,16926732,conventional,2019,Total U.S.
2019-11-24,1.570000052,209379,85254,119582,4388,994385,organic,2019,Total U.S.
2019-12-01,1.049999952,16114990,9291631,6238096,585262,15204064,conventional,2019,Total U.S.
2019-12-01,1.50999999,210580,90688,117456,2399,1007748,organic,2019,Total U.S.
2019-12-08,0.959999979,20576388,11347724,8495657,732026.8125,19106744,conventional,2019,Total U.S.
2019-12-08,1.480000019,206912.125,82718.21094,120225.7266,3953.810059,1047870.438,organic,2019,Total U.S.
2019-12-15,1.019999981,17777568,9939947,7293252.5,544368.0625,17396798,conventional,2019,Total U.S.
2019-12-15,1.580000043,199755.1406,81292.9375,116024.7266,2403.040039,967659.6875,organic,2019,Total U.S.
2019-12-22,1.029999971,17719580,10219145,6805135,695299.875,16740255,conventional,2019,Total U.S.
2019-12-22,1.580000043,291190.9688,135274.7813,152256.3594,3611.100098,1064091.875,organic,2019,Total U.S.
2019-12-29,0.920000017,19968542,11755126,7518140.5,695276.5,19419308,conventional,2019,Total U.S.
2019-12-29,1.409999967,245537.6563,103711.7422,139442.0156,2318.860107,1239436.25,organic,2019,Total U.S.
2020-01-06,0.970000029,24300154,13036249,10416874,845596.0625,22010552,conventional,2020,Total U.S.
2020-01-06,1.399999976,295242.6563,111735.1094,180465.8281,3006.449951,1366605,organic,2020,Total U.S.
2020-01-12,0.970000029,22297156,13223759,8444074,627869.9375,24227624,conventional,2020,Total U.S.
2020-01-12,1.409999967,321176.125,152181.5156,164251.0938,4714.509766,1639770.625,organic,2020,Total U.S.
2020-01-19,0.930000007,24126276,13102979,10072455,949386.125,24408696,conventional,2020,Total U.S.
2020-01-19,1.350000024,400238.5,211748.6875,184267.1719,4167.879883,1657863.875,organic,2020,Total U.S.
2020-01-26,1.00999999,20906320,12635230,7658266,611401.125,23032152,conventional,2020,Total U.S.
2020-01-26,1.440000057,279112.125,108818.3594,166076.4688,4202.120117,1421897.25,organic,2020,Total U.S.
2020-02-02,0.850000024,31739676,17494332,13036383,1205863.5,31689188,conventional,2020,Total U.S.
2020-02-02,1.389999986,271575.7188,102256.4531,164462.5,4846.620117,1608494.5,organic,2020,Total U.S.
2020-02-09,0.959999979,23815660,13668923,9377990,768746.125,24071900,conventional,2020,Total U.S.
2020-02-09,1.429999948,235986.7656,92588.78906,138334.9375,5031.509766,1471034.5,organic,2020,Total U.S.
2020-02-16,1.019999981,20884718,12495822,7867289,521606.5313,21846280,conventional,2020,Total U.S.
2020-02-16,1.440000057,219690.0938,87183.78125,127566.9531,4814.600098,1512341,organic,2020,Total U.S.
2020-02-23,1.00999999,21198334,12700929,7811581,685823.5625,23810906,conventional,2020,Total U.S.
2020-02-23,1.409999967,262678.625,105003.2266,150837.3906,6789.040039,1609225.5,organic,2020,Total U.S.
2020-03-01,1.090000033,20847756,12625971,7765151,455851.2188,22652392,conventional,2020,Total U.S.
2020-03-01,1.539999962,408098.875,166117.625,235288.2969,6603.790039,1574057.375,organic,2020,Total U.S.
2020-03-08,1.129999995,21067366,13057777,7639123,370264.0625,23235646,conventional,2020,Total U.S.
2020-03-08,1.559999943,271529.9375,102732.9375,163756.0625,4944.720215,1513508.75,organic,2020,Total U.S.
2020-03-15,1.159999967,24187674,14968569,8766717,452355.375,27352452,conventional,2020,Total U.S.
2020-03-15,1.659999967,311173.4375,118431.7422,186208.8594,6453.379883,1967299.875,organic,2020,Total U.S.
2020-03-22,1.159999967,24145532,15236174,8484263,425086.6875,24836314,conventional,2020,Total U.S.
2020-03-22,1.590000033,275370.4688,113678.3281,156134.0625,5409.850098,1607681.75,organic,2020,Total U.S.
2020-03-29,1.190000057,23011014,14113617,8477722,419458.25,23370634,conventional,2020,Total U.S.
2020-03-29,1.590000033,274593.1563,108627.1094,160024.7813,5930.319824,1629641.75,organic,2020,Total U.S.
2020-04-05,1.149999976,25917058,16273298,9157285,486270.25,24444068,conventional,2020,Total U.S.
2020-04-05,1.600000024,336495.5938,151730.6875,176576.0469,8165.509766,1903189.625,organic,2020,Total U.S.
2020-04-12,1.200000048,24522830,15337307,8657849,527482.3125,23327706,conventional,2020,Total U.S.
2020-04-12,1.610000014,353886.0938,181767.25,167492.8906,4618.029785,1837246.375,organic,2020,Total U.S.
2020-04-19,1.139999986,24794140,15371297,8761488,661170,25295052,conventional,2020,Total U.S.
2020-04-19,1.580000043,365883.8438,178159.0469,180706.1563,7018.649902,1816592.625,organic,2020,Total U.S.
2020-04-26,1.149999976,26558252,15237699,10580032,740327.9375,25457282,conventional,2020,Total U.S.
2020-04-26,1.580000043,342388,135549,200030,6809,1793277,organic,2020,Total U.S.
2020-05-03,1.029999971,31050984,19308948,11026478,715301.9375,31128390,conventional,2020,Total U.S.
2020-05-03,1.559999943,364432,141181,217577,5659,1793276,organic,2020,Total U.S.
2020-05-10,1.090000033,29855602,17894356,11123423,837609.4375,28607618,conventional,2020,Total U.S.
2020-05-10,1.559999943,394792,167266,223077,4442,1993895,organic,2020,Total U.S.
2020-05-17,1.159999967,25901282,15951220,9221699,728025.5,25788840,conventional,2020,Total U.S.
2020-05-17,1.580000043,354004,150100,198457,5429,1917250,organic,2020,Total U.S.
2020-05-24,1.110000014,27910152,17107524,9947892,854508,28859000,conventional,2020,Total U.S.
2020-05-24,1.590000033,328772,144844,178455,5449,2016671,organic,2020,Total U.S.
2020-05-31,1.070000052,28520292,16286759,11346382,887011,28989020,conventional,2020,Total U.S.
2020-05-31,1.590000033,320829,136497,179966,4366,1861760,organic,2020,Total U.S.
2020-06-07,1.080000043,27577746,16718884,9757798,1100945,26954602,conventional,2020,Total U.S.
2020-06-07,1.590000033,325703,139122,179556,7020,1943011,organic,2020,Total U.S.
2020-06-14,1.059999943,27508616,15510458,11019342,978710,27499330,conventional,2020,Total U.S.
2020-06-14,1.590000033,300043,108037,184227,7759,1892718,organic,2020,Total U.S.
2020-06-21,1.080000043,25963842,15717883,9295728,950151.3125,26187642,conventional,2020,Total U.S.
2020-06-21,1.590000033,303705.9375,123964.2188,173127.5938,6587.390137,1936332.25,organic,2020,Total U.S.
2020-06-28,1.039999962,24860324,14685425,9247458,927273.1875,26863384,conventional,2020,Total U.S.
2020-06-28,1.590000033,306083.875,143548.5,154745.6719,7785.77002,1777681.875,organic,2020,Total U.S.
2020-07-05,1.059999943,27677712,16678147,9939270,1060183.625,27930346,conventional,2020,Total U.S.
2020-07-05,1.629999995,313702.0938,147332.8594,159243.4844,7125.740234,1925781.5,organic,2020,Total U.S.
2020-07-12,1.039999962,24765108,14418173,9424287,922494.6875,26316384,conventional,2020,Total U.S.
2020-07-12,1.639999986,303977.7813,137270.5156,160186.4531,6506.72998,1767512,organic,2020,Total U.S.
2020-07-19,1.00999999,25293416,14222877,9856363,1213972.625,26668838,conventional,2020,Total U.S.
2020-07-19,1.610000014,314582.75,143635.9531,164059.7656,6887.02002,1818012.5,organic,2020,Total U.S.
2020-07-26,0.99000001,25954748,15169237,9651068,1134315,26102350,conventional,2020,Total U.S.
2020-07-26,1.5,346237.2188,180846.1719,159211.375,6154.299805,1901762.125,organic,2020,Total U.S.
2020-08-02,1.00999999,23797194,13724124,9268800,804153.375,26052278,conventional,2020,Total U.S.
2020-08-02,1.559999943,291285.9063,145109.0156,142625.0313,3548.5,1777518.875,organic,2020,Total U.S.
2020-08-09,1.00999999,24109044,13513740,9764852,830359,25839422,conventional,2020,Total U.S.
2020-08-09,1.580000043,245227.7031,97756.09375,144167.1875,3304.429932,1672337.625,organic,2020,Total U.S.
2020-08-16,0.980000019,24534072,14074482,9665481,793920.8125,26279532,conventional,2020,Total U.S.
2020-08-16,1.610000014,258337.2656,104397.0781,151802.1875,2138.01001,1661768.375,organic,2020,Total U.S.
2020-08-23,0.959999979,24418410,14803099,8762149,852990.9375,27554964,conventional,2020,Total U.S.
2020-08-23,1.580000043,261698.9844,110282.9766,147994.2813,3421.72998,1585284,organic,2020,Total U.S.
2020-08-30,0.949999988,24043122,14004360,9228078,810538.5625,26586634,conventional,2020,Total U.S.
2020-08-30,1.580000043,263997.5938,111985.0938,149212.2656,2800.219971,1501164.125,organic,2020,Total U.S.
2020-09-06,0.970000029,24438096,14687223,8956685,793982.1875,26562812,conventional,2020,Total U.S.
2020-09-06,1.620000005,253430.0625,105106.3672,144137.6875,4186.009766,1500627.25,organic,2020,Total U.S.
2020-09-13,0.939999998,23471880,14171359,8366190.5,933950,25726322,conventional,2020,Total U.S.
2020-09-13,1.580000043,244516.6875,99765.52344,139955.5625,4771.089844,1661912.875,organic,2020,Total U.S.
2020-09-20,0.939999998,22309170,13176443,8352556,780047.4375,25436828,conventional,2020,Total U.S.
2020-09-20,1.529999971,269944.9063,118871.3984,146225.5469,4847.959961,1603050.625,organic,2020,Total U.S.
2020-09-27,0.959999979,22336136,12606613,9042611,686912.1875,24076918,conventional,2020,Total U.S.
2020-09-27,1.559999943,225477.5156,83001.89844,137604.0469,4871.560059,1528999,organic,2020,Total U.S.
2020-10-04,0.959999979,21399686,12440281,8437295,522109.5625,24748790,conventional,2020,Total U.S.
2020-10-04,1.539999962,224919.125,89699.88281,130535.1797,4684.029785,1592302.75,organic,2020,Total U.S.
2020-10-11,0.949999988,21940686,12937425,8425187,578075,24579400,conventional,2020,Total U.S.
2020-10-11,1.49000001,210055.7656,80310.95313,124590.9688,5141.52002,1668300.375,organic,2020,Total U.S.
2020-10-18,0.939999998,20659382,11872016,8134688.5,652677,24023268,conventional,2020,Total U.S.
2020-10-18,1.450000048,197360.9531,78510.4375,116416.3594,2411.709961,1680492.375,organic,2020,Total U.S.
2020-10-25,0.910000026,21208430,12168145,8181874,858411.5,23895918,conventional,2020,Total U.S.
2020-10-25,1.450000048,229748.7031,101044.0469,125265.1875,3436.639893,1692883.375,organic,2020,Total U.S.
2020-11-01,0.920000017,20490066,11833945,7967111.5,689009.625,24673112,conventional,2020,Total U.S.
2020-11-01,1.379999995,467784.4375,82127.53906,381569.25,4062.909912,1758620,organic,2020,Total U.S.
2020-11-08,0.899999976,20563832,12157573,7742657.5,663601.625,24603218,conventional,2020,Total U.S.
2020-11-08,1.389999986,288709.2188,77978.0625,207252.2344,3475.850098,1665116.75,organic,2020,Total U.S.
2020-11-15,0.910000026,20285272,11459773,8207874.5,617624.625,24390830,conventional,2020,Total U.S.
2020-11-15,1.450000048,209192.625,80685.28906,125167.1094,3340.199951,1607246.25,organic,2020,Total U.S.
2020-11-22,0.889999986,19236552,11444048,7151355,618593,21977642,conventional,2020,Total U.S.
2020-11-22,1.440000057,180102.3281,73434.14844,103736.2813,2931.899902,1559135.125,organic,2020,Total U.S.
2020-11-29,0.889999986,16932392,10341275,6001923,530410.875,19371480,conventional,2020,Total U.S.
2020-11-29,1.470000029,168178.1719,67544.47656,97996.46094,2617.169922,1414878.125,organic,2020,Total U.S.
2015-01-04,0.949999988,26825338,12357161,13624083,844093.3125,4498940,conventional,2015,Total U.S.
2015-01-04,1.460000038,454268.3125,233286.125,216611.2031,4370.990234,158641.8281,organic,2015,Total U.S.
2015-01-11,1.00999999,24546158,11544811,12134773,866574.6875,4517384,conventional,2015,Total U.S.
2015-01-11,1.419999957,535768.75,270966.75,260971.5938,3830.419922,133760.125,organic,2015,Total U.S.
2015-01-18,1.029999971,24391390,11858139,11701948,831301.875,4652070,conventional,2015,Total U.S.
2015-01-18,1.419999957,570151.4375,254319.5781,311811,4020.850098,142968.5625,organic,2015,Total U.S.
2015-01-25,1.039999962,23670118,12167445,10734653,768020.0625,4800193,conventional,2015,Total U.S.
2015-01-25,1.529999971,424560.75,207494.875,212312.0156,4753.870117,131808.0938,organic,2015,Total U.S.
2015-02-01,0.889999986,39271032,18933038,18956480,1381516.125,5384427.5,conventional,2015,Total U.S.
2015-02-01,1.360000014,567700.1875,302561.4688,259286.4375,5852.279785,173196.7813,organic,2015,Total U.S.
2015-02-08,0.949999988,27427480,13308193,13381348,737939.4375,4709852.5,conventional,2015,Total U.S.
2015-02-08,1.480000019,494872.375,215657.9844,273897.8438,5316.549805,236001.9375,organic,2015,Total U.S.
2015-02-15,1.029999971,23255758,12626615,9783490,845653.5,4756762.5,conventional,2015,Total U.S.
2015-02-15,1.580000043,441253.9688,207650.6406,228653.3281,4950.009766,174923.0156,organic,2015,Total U.S.
2015-02-22,1.019999981,24919982,12628562,11354282,937138.875,5016747,conventional,2015,Total U.S.
2015-02-22,1.50999999,507821.3125,272594.875,230342.875,4883.549805,165625.3906,organic,2015,Total U.S.
2015-03-01,0.970000029,28085924,13282223,13733124,1070576.125,4908090.5,conventional,2015,Total U.S.
2015-03-01,1.399999976,643011.4375,361996.8438,275458.5625,5556.02002,171473.3594,organic,2015,Total U.S.
2015-03-08,1.019999981,24821732,13013750,10973973,834009.125,5272967,conventional,2015,Total U.S.
2015-03-08,1.49000001,586709.125,253078.1719,327972.2813,5658.700195,197203.9063,organic,2015,Total U.S.
2015-03-15,1.039999962,24655634,13149989,10634071,871575.0625,4916591,conventional,2015,Total U.S.
2015-03-15,1.5,499353.375,235569.0156,258475.5781,5308.790039,145231.2969,organic,2015,Total U.S.
2015-03-22,1.00999999,27423576,13697406,12659785,1066385.875,5089974,conventional,2015,Total U.S.
2015-03-22,1.49000001,562783.875,237139.4531,320353.8125,5290.589844,119856.1563,organic,2015,Total U.S.
2015-03-29,1.039999962,24876952,12524637,11541041,811272.875,5105697,conventional,2015,Total U.S.
2015-03-29,1.600000024,523987.875,193273.875,324919.625,5794.390137,150563.125,organic,2015,Total U.S.
2015-04-05,1.059999943,26337976,13939014,11526980,871981.3125,5162693.5,conventional,2015,Total U.S.
2015-04-05,1.629999995,479777.5,197746.8906,275595.7188,6434.879883,182064.5313,organic,2015,Total U.S.
2015-04-12,1.019999981,26811840,14793354,11210544,807942.4375,5234561,conventional,2015,Total U.S.
2015-04-12,1.529999971,637278.0625,202491.2656,428607.3125,6179.47998,172740.2188,organic,2015,Total U.S.
2015-04-19,1.029999971,27545810,14251319,12277859,1016631.25,5545447,conventional,2015,Total U.S.
2015-04-19,1.590000033,523532.75,215283.5156,301783.5,6465.740234,152375.2188,organic,2015,Total U.S.
2015-04-26,1.070000052,25590850,13833715,10867403,889732.1875,5303307,conventional,2015,Total U.S.
2015-04-26,1.450000048,707265.375,321733.1875,379382.0938,6150.069824,164973.7031,organic,2015,Total U.S.
2015-05-03,0.959999979,35508532,17787612,16602589,1118329.5,5783174,conventional,2015,Total U.S.
2015-05-03,1.370000005,713486.0625,323883.6563,380650.625,8951.769531,199195.5156,organic,2015,Total U.S.
2015-05-10,1.019999981,30582538,16215329,13509065,858145.4375,5818347.5,conventional,2015,Total U.S.
2015-05-10,1.419999957,607723.1875,251602.1875,349907.5313,6213.470215,253947.9375,organic,2015,Total U.S.
2015-05-17,1.059999943,26582832,14615942,11003341,963549.5,5444854,conventional,2015,Total U.S.
2015-05-17,1.5,580495.5,246278.3125,312193.0938,22024.08984,181477.1563,organic,2015,Total U.S.
2015-05-24,1.039999962,29413708,16000108,12513821,899779.9375,5930474,conventional,2015,Total U.S.
2015-05-24,1.590000033,535157.375,234692.1406,293554,6911.259766,179108.9219,organic,2015,Total U.S.
2015-05-31,1.029999971,28007156,15503613,11599634,903908.375,5713003.5,conventional,2015,Total U.S.
2015-05-31,1.580000043,545385.9375,205250.1875,333300.625,6835.089844,171556.7969,organic,2015,Total U.S.
2015-06-07,1,30256778,16529798,12582265,1144716,6293217,conventional,2015,Total U.S.
2015-06-07,1.669999957,471252.4063,200483.4063,264482.875,6286.149902,169196.1719,organic,2015,Total U.S.
2015-06-14,0.980000019,30289782,16383685,12821015,1085081.625,6736304,conventional,2015,Total U.S.
2015-06-14,1.679999948,488835.625,203021.6875,278912.2188,6901.709961,157262.8125,organic,2015,Total U.S.
2015-06-21,1.019999981,29270494,14699605,13244467,1326422.5,6464120,conventional,2015,Total U.S.
2015-06-21,1.659999967,512703.875,202071.0625,304368.4688,6264.359863,125489,organic,2015,Total U.S.
2015-06-28,1.059999943,25851400,13299569,11505999,1045832.563,6557305,conventional,2015,Total U.S.
2015-06-28,1.639999986,530878.25,192182.125,332739.2813,5956.870117,129068.7578,organic,2015,Total U.S.
2015-07-05,1.039999962,31200056,15643939,14213650,1342466,6743615,conventional,2015,Total U.S.
2015-07-05,1,515924,205073,304597,6251,152309,organic,2015,Total U.S.
2015-07-12,1.070000052,25768172,12384449,12403360,980361.75,5891860.5,conventional,2015,Total U.S.
2015-07-12,1,451319,178871,267353,5093,157526,organic,2015,Total U.S.
2015-07-19,1.070000052,26503114,12742760,12605457,1154897.375,5821533,conventional,2015,Total U.S.
2015-07-19,1,482240,159752,317728,4758,168149,organic,2015,Total U.S.
2015-07-26,1.070000052,25222612,12196226,12009228,1017157.75,5429599.5,conventional,2015,Total U.S.
2015-07-26,1,440582,169940,266249,4391,140244,organic,2015,Total U.S.
2015-08-02,1.090000033,25318950,12115234,12219014,984702.75,5039517,conventional,2015,Total U.S.
2015-08-02,1,432602,164126,263359,5115,141271,organic,2015,Total U.S.
2015-08-09,1.049999952,27944584,13003371,13926693,1014520.875,5310327.5,conventional,2015,Total U.S.
2015-08-09,1,446421,170184,269330,6905,178838,organic,2015,Total U.S.
2015-08-16,1.049999952,26821944,12680252,12998327,1143364.625,5114912,conventional,2015,Total U.S.
2015-08-16,1.75,467321.8438,150876.7969,310229.7813,6215.259766,177367.875,organic,2015,Total U.S.
2015-08-23,1.080000043,24743836,11283021,12551530,909284.25,4956010.5,conventional,2015,Total U.S.
2015-08-23,1.720000029,480801.4688,176723.7344,298092.5938,5985.120117,185474.7969,organic,2015,Total U.S.
2015-08-30,1.070000052,24707290,11650977,11995961,1060352.5,5054348,conventional,2015,Total U.S.
2015-08-30,1.659999967,481937.6875,150924.9688,325442.9688,5569.759766,188068.25,organic,2015,Total U.S.
2015-09-06,1.019999981,27944646,12569277,14245598,1129771.25,5581833.5,conventional,2015,Total U.S.
2015-09-06,1.779999971,409857.3438,132181.7656,271785,5890.569824,183939.8438,organic,2015,Total U.S.
2015-09-13,1.029999971,25882086,9875018,14888078,1118988.875,5363750.5,conventional,2015,Total U.S.
2015-09-13,1.799999952,390869.2188,133928.3594,251786.625,5154.22998,161190.4219,organic,2015,Total U.S.
2015-09-20,1.019999981,24380726,9422275,13846045,1112405.375,5188361.5,conventional,2015,Total U.S.
2015-09-20,1.769999981,376149.8438,126318.1328,244950.875,4880.830078,139090.9844,organic,2015,Total U.S.
2015-09-27,1.029999971,23336100,8454209,13819913,1061979.375,4417407.5,conventional,2015,Total U.S.
2015-09-27,1.75,357312.3125,114590.3828,238175.2656,4546.660156,144502.5625,organic,2015,Total U.S.
2015-10-04,1.019999981,23338316,8353620,13775652,1209045.125,4905189,conventional,2015,Total U.S.
2015-10-04,1.720000029,368723.8438,95393.57813,269237.0625,4093.199951,188668.8906,organic,2015,Total U.S.
2015-10-11,1,23769196,8828341,13326573,1614282.75,5447001.5,conventional,2015,Total U.S.
2015-10-11,1.690000057,328460.9375,93015.27344,230653.6094,4792.060059,191431.7344,organic,2015,Total U.S.
2015-10-18,0.99000001,24464884,9162094,14082540,1220251.25,4910238.5,conventional,2015,Total U.S.
2015-10-18,1.710000038,337935.875,108697.6406,224038.4844,5199.72998,180099,organic,2015,Total U.S.
2015-10-25,1.039999962,21282556,8683959,11410478,1188119,4957516,conventional,2015,Total U.S.
2015-10-25,1.620000005,359410.2813,109006.1797,244222.9688,6181.129883,201420.2656,organic,2015,Total U.S.
2015-11-01,0.970000029,25778918,10138704,14229287,1410928.125,5268565.5,conventional,2015,Total U.S.
2015-11-01,1.470000029,382522.9063,113380.2891,262559.5938,6583.029785,265266.25,organic,2015,Total U.S.
2015-11-08,0.970000029,23334202,9991330,12199657,1143214.625,5151513.5,conventional,2015,Total U.S.
2015-11-08,1.539999962,420873.875,167254.5469,249160.8906,4458.450195,184323.2344,organic,2015,Total U.S.
2015-11-15,0.920000017,22423410,9907981,11699788,815641.5625,6174346,conventional,2015,Total U.S.
2015-11-15,1.600000024,338310.3125,109494.1875,225216.4063,3599.709961,173036.9531,organic,2015,Total U.S.
2015-11-22,0.959999979,19766392,8571850,10389880,804662.8125,5347836,conventional,2015,Total U.S.
2015-11-22,1.49000001,348596.0313,95222.99219,249686.75,3686.280029,235680.7656,organic,2015,Total U.S.
2015-11-29,0.99000001,17828990,8094803.5,9003178,731008.4375,4789009,conventional,2015,Total U.S.
2015-11-29,1.5,291698.3125,79215.50781,208733.3125,3749.47998,216132.5,organic,2015,Total U.S.
2015-12-06,0.889999986,22498134,9405464,12160839,931830.625,6302263,conventional,2015,Total U.S.
2015-12-06,1.519999981,306852.0313,90203.21094,212582.7344,4066.090088,207260.9219,organic,2015,Total U.S.
2015-12-13,0.930000007,21677056,9855054,10805839,1016163.188,6364279.5,conventional,2015,Total U.S.
2015-12-13,1.429999948,325798.0625,91837.92188,222314.5938,11645.54004,298502.25,organic,2015,Total U.S.
2015-12-20,0.980000019,19240904,8710022,9329862,1201020,5842743.5,conventional,2015,Total U.S.
2015-12-20,1.529999971,308491.5313,93849.29688,205909.125,8733.110352,222986.7031,organic,2015,Total U.S.
2015-12-27,0.949999988,21009132,9626901,10197890,1184340.125,6288852.5,conventional,2015,Total U.S.
2015-12-27,1.519999981,301744.5938,89709.92188,206198.625,5836.040039,248043.0156,organic,2015,Total U.S.
2016-01-03,0.860000014,29230658,11616506,16054084,1560068.625,8911429,conventional,2016,Total U.S.
2016-01-03,1.429999948,379129.9688,124799.6328,246580.9531,7749.399902,324970.5313,organic,2016,Total U.S.
2016-01-10,0.930000007,25949988,11441287,13226089,1282612.875,9314348,conventional,2016,Total U.S.
2016-01-10,1.350000024,410229.625,113867.6328,287590.1875,8771.790039,418440.9688,organic,2016,Total U.S.
2016-01-17,0.939999998,25288260,10036598,13832256,1419405.625,9138082,conventional,2016,Total U.S.
2016-01-17,1.440000057,395923.8125,115992.8125,266824.7188,13106.29004,299417.5938,organic,2016,Total U.S.
2016-01-24,0.949999988,22515206,7020459,14054368,1440380.375,10271872,conventional,2016,Total U.S.
2016-01-24,1.409999967,383231.5313,99316.6875,270980.875,12933.96973,393733,organic,2016,Total U.S.
2016-01-31,0.930000007,26019846,11098088,13278054,1643703.125,8701405,conventional,2016,Total U.S.
2016-01-31,1.429999948,384132.625,108929.2109,269687.5313,5515.910156,387944.5625,organic,2016,Total U.S.
2016-02-07,0.75999999,39590584,16573574,20470572,2546439,12698112,conventional,2016,Total U.S.
2016-02-07,1.440000057,400251.0938,101408.7891,290813.5313,8028.75,358544.0313,organic,2016,Total U.S.
2016-02-14,0.879999995,26912142,11913078,13187973,1811090.75,9564300,conventional,2016,Total U.S.
2016-02-14,1.370000005,416089,102897.6328,306235.6875,6955.689941,436374.3125,organic,2016,Total U.S.
2016-02-21,0.939999998,23394838,10015825,12003752,1375260.5,9409896,conventional,2016,Total U.S.
2016-02-21,1.450000048,393953.875,104135.9375,281188.875,8629.030273,344903.0625,organic,2016,Total U.S.
2016-02-28,0.910000026,26678418,11907395,13210855,1560167.75,10123401,conventional,2016,Total U.S.
2016-02-28,1.440000057,468032.5625,110120.4922,347488.7813,10423.2998,376979.0625,organic,2016,Total U.S.
2016-03-06,0.949999988,25707218,11824155,12196587,1686475.375,9357289,conventional,2016,Total U.S.
2016-03-06,1.279999971,484834.7188,127184.8828,351951.6563,5698.200195,527581.125,organic,2016,Total U.S.
2016-03-13,0.930000007,26566640,11661687,13104888,1800065.625,9807875,conventional,2016,Total U.S.
2016-03-13,1.289999962,485091.1563,132040.0469,346341.4688,6709.649902,538564.75,organic,2016,Total U.S.
2016-03-20,0.930000007,26634934,11134391,13727454,1773088.875,9700550,conventional,2016,Total U.S.
2016-03-20,1.269999981,467192.9063,105069.0703,352698.2188,9425.639648,578257.5,organic,2016,Total U.S.
2016-03-27,0.939999998,25874696,11249198,12745267,1880231.375,10055499,conventional,2016,Total U.S.
2016-03-27,1.440000057,458553.1875,112620.0469,338194.1875,7738.950195,442091.625,organic,2016,Total U.S.
2016-04-03,0.939999998,24565502,11320970,11512622,1731910.5,9102948,conventional,2016,Total U.S.
2016-04-03,1.440000057,499758.1875,119283.8984,371845.5938,8628.679688,430964.2188,organic,2016,Total U.S.
2016-04-10,0.899999976,26084228,12879820,11538132,1666275.125,10499801,conventional,2016,Total U.S.
2016-04-10,1.25999999,521183.9063,108747.3438,400281.8438,12154.73047,658419.125,organic,2016,Total U.S.
2016-04-17,0.899999976,26747004,11954488,12896367,1896149.5,10720882,conventional,2016,Total U.S.
2016-04-17,1.379999995,511115.9375,115155.6484,388081.3438,7878.939941,511101.375,organic,2016,Total U.S.
2016-04-24,0.870000005,28895746,12913697,14382185,1599864,10711949,conventional,2016,Total U.S.
2016-04-24,1.25,758628.875,225429.0938,524511.9375,8687.80957,716828.6875,organic,2016,Total U.S.
2016-05-01,0.839999974,31063168,13748944,15899858,1414364.5,11804441,conventional,2016,Total U.S.
2016-05-01,1.279999971,745653.375,238992.9063,484383.875,22276.59961,572213.625,organic,2016,Total U.S.
2016-05-08,0.819999993,34113340,14223305,17896392,1993645.375,12211188,conventional,2016,Total U.S.
2016-05-08,1.299999952,602768.375,132225.2813,443777.3125,26765.7793,535172.4375,organic,2016,Total U.S.
2016-05-15,0.889999986,28638642,12447598,14437190,1753852.625,11276356,conventional,2016,Total U.S.
2016-05-15,1.450000048,591742.375,146037.2969,437584.5313,8120.529785,431509.8125,organic,2016,Total U.S.
2016-05-22,0.930000007,26334054,11712000,12981224,1640829.375,10623982,conventional,2016,Total U.S.
2016-05-22,1.360000014,638027.625,166883.2031,455336.5625,15807.84961,527687.375,organic,2016,Total U.S.
2016-05-29,0.939999998,29095698,13682611,13829591,1583495.875,10923377,conventional,2016,Total U.S.
2016-05-29,1.409999967,619458.8125,137449.4063,468311.3125,13698.08984,465693.75,organic,2016,Total U.S.
2016-06-05,0.970000029,28976458,13808859,13396652,1770948.125,11254801,conventional,2016,Total U.S.
2016-06-05,1.429999948,570374.75,152105.9063,410451.7188,7817.109863,442343.1875,organic,2016,Total U.S.
2016-06-12,1.039999962,25433000,12291687,11533970,1607344.125,10147819,conventional,2016,Total U.S.
2016-06-12,1.450000048,588474.75,176286.3594,403561.5,8626.889648,386800.8125,organic,2016,Total U.S.
2016-06-19,1.019999981,27974286,13488852,12842698,1642735.625,10515651,conventional,2016,Total U.S.
2016-06-19,1.450000048,624230.75,166983.4531,445194.5,12052.83984,446835.875,organic,2016,Total U.S.
2016-06-26,1.039999962,25843896,12189035,12029919,1624942.375,10773128,conventional,2016,Total U.S.
2016-06-26,1.5,568946.9375,171054.375,391129.0625,6763.459961,438431.875,organic,2016,Total U.S.
2016-07-03,1.059999943,27586182,12508937,13315901,1761343.125,12407004,conventional,2016,Total U.S.
2016-07-03,1.470000029,553327.25,159903,381527.1563,11897.11035,520268.125,organic,2016,Total U.S.
2016-07-10,1.100000024,24401042,11457080,11677528,1266434,11166526,conventional,2016,Total U.S.
2016-07-10,1.50999999,520276.4375,152994.7031,355101.2188,12180.53027,523152.0938,organic,2016,Total U.S.
2016-07-17,1.149999976,21902968,10320463,10628873,953631.5,10753156,conventional,2016,Total U.S.
2016-07-17,1.629999995,522558.3125,152828.5156,359772.1875,9957.610352,495559.9688,organic,2016,Total U.S.
2016-07-24,1.200000048,22075030,10331314,10795751,947964.0625,10264348,conventional,2016,Total U.S.
2016-07-24,1.649999976,511544.3125,159151.3125,343780.5625,8612.44043,407945.5313,organic,2016,Total U.S.
2016-07-31,1.230000019,21376868,10168972,10423958,783937.0625,9824723,conventional,2016,Total U.S.
2016-07-31,1.580000043,494394.7188,156417.3281,328942.125,9035.269531,451693.0938,organic,2016,Total U.S.
2016-08-07,1.149999976,23683034,12197105,10731380,754548.5,10136876,conventional,2016,Total U.S.
2016-08-07,1.549999952,494308.8125,151179.9844,332421.625,10707.17969,517928.2188,organic,2016,Total U.S.
2016-08-14,1.120000005,23981522,12352933,10879342,749247,10404656,conventional,2016,Total U.S.
2016-08-14,1.480000019,538392.1875,186697.2969,341463.7188,10231.16992,554895.625,organic,2016,Total U.S.
2016-08-21,1.100000024,23241468,12725249,9906499,609720.875,10350629,conventional,2016,Total U.S.
2016-08-21,1.50999999,491737.875,177591.9531,308314.9063,5831.02002,541431.8125,organic,2016,Total U.S.
